dataset,analysis,metric,model_1,model_2,category,value,ci_lo,ci_hi,p_raw,p_adj,significant,effect_size,n,k
Eurorad,accuracy,accuracy_pct,GPT-5.1,,Overall,89.372,84.4331,92.8761,,,,,207,185
Eurorad,accuracy,accuracy_pct,GPT-5.1,,Musculoskeletal system,87.234,74.8258,94.0155,,,,,47,41
Eurorad,accuracy,accuracy_pct,GPT-5.1,,Paediatric radiology,86.6667,70.3183,94.6904,,,,,30,26
Eurorad,accuracy,accuracy_pct,GPT-5.1,,Cardiovascular,100.0,60.9657,100.0,,,,,6,6
Eurorad,accuracy,accuracy_pct,GPT-5.1,,Abdominal imaging,88.8889,74.6849,95.5934,,,,,36,32
Eurorad,accuracy,accuracy_pct,GPT-5.1,,Uroradiology & genital male imaging,100.0,72.246,100.0,,,,,10,10
Eurorad,accuracy,accuracy_pct,GPT-5.1,,Others,75.0,40.927,92.8522,,,,,8,6
Eurorad,accuracy,accuracy_pct,GPT-5.1,,Breast imaging,100.0,56.5509,100.0,,,,,5,5
Eurorad,accuracy,accuracy_pct,GPT-5.1,,Head & neck imaging,100.0,77.1898,100.0,,,,,13,13
Eurorad,accuracy,accuracy_pct,GPT-5.1,,Neuroradiology,87.8049,74.4555,94.6767,,,,,41,36
Eurorad,accuracy,accuracy_pct,GPT-5.1,,Chest imaging,90.9091,62.2635,98.3768,,,,,11,10
Eurorad,accuracy,accuracy_pct,GPT-5-mini,,Overall,84.5411,78.9915,88.8319,,,,,207,175
Eurorad,accuracy,accuracy_pct,GPT-5-mini,,Musculoskeletal system,82.9787,69.8599,91.1137,,,,,47,39
Eurorad,accuracy,accuracy_pct,GPT-5-mini,,Paediatric radiology,80.0,62.694,90.495,,,,,30,24
Eurorad,accuracy,accuracy_pct,GPT-5-mini,,Cardiovascular,83.3333,43.6491,96.9947,,,,,6,5
Eurorad,accuracy,accuracy_pct,GPT-5-mini,,Abdominal imaging,88.8889,74.6849,95.5934,,,,,36,32
Eurorad,accuracy,accuracy_pct,GPT-5-mini,,Uroradiology & genital male imaging,90.0,59.5844,98.2124,,,,,10,9
Eurorad,accuracy,accuracy_pct,GPT-5-mini,,Others,75.0,40.927,92.8522,,,,,8,6
Eurorad,accuracy,accuracy_pct,GPT-5-mini,,Breast imaging,80.0,37.5528,96.3777,,,,,5,4
Eurorad,accuracy,accuracy_pct,GPT-5-mini,,Head & neck imaging,100.0,77.1898,100.0,,,,,13,13
Eurorad,accuracy,accuracy_pct,GPT-5-mini,,Neuroradiology,82.9268,68.7371,91.4749,,,,,41,34
Eurorad,accuracy,accuracy_pct,GPT-5-mini,,Chest imaging,81.8182,52.3014,94.8633,,,,,11,9
Eurorad,accuracy,accuracy_pct,Gemini 3.1 Pro,,Overall,91.7874,87.2426,94.8095,,,,,207,190
Eurorad,accuracy,accuracy_pct,Gemini 3.1 Pro,,Musculoskeletal system,87.234,74.8258,94.0155,,,,,47,41
Eurorad,accuracy,accuracy_pct,Gemini 3.1 Pro,,Paediatric radiology,93.3333,78.6762,98.1523,,,,,30,28
Eurorad,accuracy,accuracy_pct,Gemini 3.1 Pro,,Cardiovascular,83.3333,43.6491,96.9947,,,,,6,5
Eurorad,accuracy,accuracy_pct,Gemini 3.1 Pro,,Abdominal imaging,97.2222,85.83,99.508,,,,,36,35
Eurorad,accuracy,accuracy_pct,Gemini 3.1 Pro,,Uroradiology & genital male imaging,100.0,72.246,100.0,,,,,10,10
Eurorad,accuracy,accuracy_pct,Gemini 3.1 Pro,,Others,75.0,40.927,92.8522,,,,,8,6
Eurorad,accuracy,accuracy_pct,Gemini 3.1 Pro,,Breast imaging,100.0,56.5509,100.0,,,,,5,5
Eurorad,accuracy,accuracy_pct,Gemini 3.1 Pro,,Head & neck imaging,100.0,77.1898,100.0,,,,,13,13
Eurorad,accuracy,accuracy_pct,Gemini 3.1 Pro,,Neuroradiology,87.8049,74.4555,94.6767,,,,,41,36
Eurorad,accuracy,accuracy_pct,Gemini 3.1 Pro,,Chest imaging,100.0,74.116,100.0,,,,,11,11
Eurorad,accuracy,accuracy_pct,DeepSeek-R1,,Overall,81.6425,75.8086,86.3234,,,,,207,169
Eurorad,accuracy,accuracy_pct,DeepSeek-R1,,Musculoskeletal system,87.234,74.8258,94.0155,,,,,47,41
Eurorad,accuracy,accuracy_pct,DeepSeek-R1,,Paediatric radiology,73.3333,55.5517,85.8175,,,,,30,22
Eurorad,accuracy,accuracy_pct,DeepSeek-R1,,Cardiovascular,66.6667,29.9988,90.3231,,,,,6,4
Eurorad,accuracy,accuracy_pct,DeepSeek-R1,,Abdominal imaging,75.0,58.9292,86.2497,,,,,36,27
Eurorad,accuracy,accuracy_pct,DeepSeek-R1,,Uroradiology & genital male imaging,100.0,72.246,100.0,,,,,10,10
Eurorad,accuracy,accuracy_pct,DeepSeek-R1,,Others,75.0,40.927,92.8522,,,,,8,6
Eurorad,accuracy,accuracy_pct,DeepSeek-R1,,Breast imaging,80.0,37.5528,96.3777,,,,,5,4
Eurorad,accuracy,accuracy_pct,DeepSeek-R1,,Head & neck imaging,84.6154,57.7648,95.6743,,,,,13,11
Eurorad,accuracy,accuracy_pct,DeepSeek-R1,,Neuroradiology,85.3659,71.5562,93.1158,,,,,41,35
Eurorad,accuracy,accuracy_pct,DeepSeek-R1,,Chest imaging,81.8182,52.3014,94.8633,,,,,11,9
Eurorad,accuracy,accuracy_pct,gpt-oss-20b (H),,Overall,80.6763,74.7586,85.4762,,,,,207,167
Eurorad,accuracy,accuracy_pct,gpt-oss-20b (H),,Musculoskeletal system,87.234,74.8258,94.0155,,,,,47,41
Eurorad,accuracy,accuracy_pct,gpt-oss-20b (H),,Paediatric radiology,70.0,52.1239,83.3354,,,,,30,21
Eurorad,accuracy,accuracy_pct,gpt-oss-20b (H),,Cardiovascular,50.0,18.7613,81.2387,,,,,6,3
Eurorad,accuracy,accuracy_pct,gpt-oss-20b (H),,Abdominal imaging,80.5556,64.9716,90.247,,,,,36,29
Eurorad,accuracy,accuracy_pct,gpt-oss-20b (H),,Uroradiology & genital male imaging,100.0,72.246,100.0,,,,,10,10
Eurorad,accuracy,accuracy_pct,gpt-oss-20b (H),,Others,62.5,30.5738,86.3158,,,,,8,5
Eurorad,accuracy,accuracy_pct,gpt-oss-20b (H),,Breast imaging,40.0,11.7618,76.928,,,,,5,2
Eurorad,accuracy,accuracy_pct,gpt-oss-20b (H),,Head & neck imaging,92.3077,66.6855,98.629,,,,,13,12
Eurorad,accuracy,accuracy_pct,gpt-oss-20b (H),,Neuroradiology,85.3659,71.5562,93.1158,,,,,41,35
Eurorad,accuracy,accuracy_pct,gpt-oss-20b (H),,Chest imaging,81.8182,52.3014,94.8633,,,,,11,9
Eurorad,accuracy,accuracy_pct,gpt-oss-120b (H),,Overall,83.0918,77.3936,87.5841,,,,,207,172
Eurorad,accuracy,accuracy_pct,gpt-oss-120b (H),,Musculoskeletal system,85.1064,72.3141,92.5934,,,,,47,40
Eurorad,accuracy,accuracy_pct,gpt-oss-120b (H),,Paediatric radiology,83.3333,66.4353,92.6636,,,,,30,25
Eurorad,accuracy,accuracy_pct,gpt-oss-120b (H),,Cardiovascular,66.6667,29.9988,90.3231,,,,,6,4
Eurorad,accuracy,accuracy_pct,gpt-oss-120b (H),,Abdominal imaging,83.3333,68.1089,92.1297,,,,,36,30
Eurorad,accuracy,accuracy_pct,gpt-oss-120b (H),,Uroradiology & genital male imaging,90.0,59.5844,98.2124,,,,,10,9
Eurorad,accuracy,accuracy_pct,gpt-oss-120b (H),,Others,62.5,30.5738,86.3158,,,,,8,5
Eurorad,accuracy,accuracy_pct,gpt-oss-120b (H),,Breast imaging,60.0,23.072,88.2382,,,,,5,3
Eurorad,accuracy,accuracy_pct,gpt-oss-120b (H),,Head & neck imaging,92.3077,66.6855,98.629,,,,,13,12
Eurorad,accuracy,accuracy_pct,gpt-oss-120b (H),,Neuroradiology,85.3659,71.5562,93.1158,,,,,41,35
Eurorad,accuracy,accuracy_pct,gpt-oss-120b (H),,Chest imaging,81.8182,52.3014,94.8633,,,,,11,9
Eurorad,accuracy,accuracy_pct,Qwen3.5 9B,,Overall,76.3285,70.0911,81.6065,,,,,207,158
Eurorad,accuracy,accuracy_pct,Qwen3.5 9B,,Musculoskeletal system,89.3617,77.4055,95.3696,,,,,47,42
Eurorad,accuracy,accuracy_pct,Qwen3.5 9B,,Paediatric radiology,63.3333,45.5132,78.1263,,,,,30,19
Eurorad,accuracy,accuracy_pct,Qwen3.5 9B,,Cardiovascular,66.6667,29.9988,90.3231,,,,,6,4
Eurorad,accuracy,accuracy_pct,Qwen3.5 9B,,Abdominal imaging,72.2222,56.0072,84.1518,,,,,36,26
Eurorad,accuracy,accuracy_pct,Qwen3.5 9B,,Uroradiology & genital male imaging,100.0,72.246,100.0,,,,,10,10
Eurorad,accuracy,accuracy_pct,Qwen3.5 9B,,Others,75.0,40.927,92.8522,,,,,8,6
Eurorad,accuracy,accuracy_pct,Qwen3.5 9B,,Breast imaging,80.0,37.5528,96.3777,,,,,5,4
Eurorad,accuracy,accuracy_pct,Qwen3.5 9B,,Head & neck imaging,84.6154,57.7648,95.6743,,,,,13,11
Eurorad,accuracy,accuracy_pct,Qwen3.5 9B,,Neuroradiology,70.7317,55.5202,82.391,,,,,41,29
Eurorad,accuracy,accuracy_pct,Qwen3.5 9B,,Chest imaging,63.6364,35.3797,84.8338,,,,,11,7
Eurorad,accuracy,accuracy_pct,Qwen3.5 27B,,Overall,80.1932,74.2354,85.0508,,,,,207,166
Eurorad,accuracy,accuracy_pct,Qwen3.5 27B,,Musculoskeletal system,87.234,74.8258,94.0155,,,,,47,41
Eurorad,accuracy,accuracy_pct,Qwen3.5 27B,,Paediatric radiology,70.0,52.1239,83.3354,,,,,30,21
Eurorad,accuracy,accuracy_pct,Qwen3.5 27B,,Cardiovascular,50.0,18.7613,81.2387,,,,,6,3
Eurorad,accuracy,accuracy_pct,Qwen3.5 27B,,Abdominal imaging,83.3333,68.1089,92.1297,,,,,36,30
Eurorad,accuracy,accuracy_pct,Qwen3.5 27B,,Uroradiology & genital male imaging,90.0,59.5844,98.2124,,,,,10,9
Eurorad,accuracy,accuracy_pct,Qwen3.5 27B,,Others,75.0,40.927,92.8522,,,,,8,6
Eurorad,accuracy,accuracy_pct,Qwen3.5 27B,,Breast imaging,100.0,56.5509,100.0,,,,,5,5
Eurorad,accuracy,accuracy_pct,Qwen3.5 27B,,Head & neck imaging,92.3077,66.6855,98.629,,,,,13,12
Eurorad,accuracy,accuracy_pct,Qwen3.5 27B,,Neuroradiology,78.0488,63.2947,87.997,,,,,41,32
Eurorad,accuracy,accuracy_pct,Qwen3.5 27B,,Chest imaging,63.6364,35.3797,84.8338,,,,,11,7
Eurorad,accuracy,accuracy_pct,Qwen3.5 35B,,Overall,84.058,78.4573,88.4175,,,,,207,174
Eurorad,accuracy,accuracy_pct,Qwen3.5 35B,,Musculoskeletal system,89.3617,77.4055,95.3696,,,,,47,42
Eurorad,accuracy,accuracy_pct,Qwen3.5 35B,,Paediatric radiology,80.0,62.694,90.495,,,,,30,24
Eurorad,accuracy,accuracy_pct,Qwen3.5 35B,,Cardiovascular,50.0,18.7613,81.2387,,,,,6,3
Eurorad,accuracy,accuracy_pct,Qwen3.5 35B,,Abdominal imaging,83.3333,68.1089,92.1297,,,,,36,30
Eurorad,accuracy,accuracy_pct,Qwen3.5 35B,,Uroradiology & genital male imaging,100.0,72.246,100.0,,,,,10,10
Eurorad,accuracy,accuracy_pct,Qwen3.5 35B,,Others,75.0,40.927,92.8522,,,,,8,6
Eurorad,accuracy,accuracy_pct,Qwen3.5 35B,,Breast imaging,100.0,56.5509,100.0,,,,,5,5
Eurorad,accuracy,accuracy_pct,Qwen3.5 35B,,Head & neck imaging,92.3077,66.6855,98.629,,,,,13,12
Eurorad,accuracy,accuracy_pct,Qwen3.5 35B,,Neuroradiology,82.9268,68.7371,91.4749,,,,,41,34
Eurorad,accuracy,accuracy_pct,Qwen3.5 35B,,Chest imaging,72.7273,43.435,90.2541,,,,,11,8
Eurorad,accuracy,accuracy_pct,Qwen3.5 35B FT,,Overall,87.9227,82.7792,91.6843,,,,,207,182
Eurorad,accuracy,accuracy_pct,Qwen3.5 35B FT,,Musculoskeletal system,95.7447,85.7512,98.8252,,,,,47,45
Eurorad,accuracy,accuracy_pct,Qwen3.5 35B FT,,Paediatric radiology,86.6667,70.3183,94.6904,,,,,30,26
Eurorad,accuracy,accuracy_pct,Qwen3.5 35B FT,,Cardiovascular,66.6667,29.9988,90.3231,,,,,6,4
Eurorad,accuracy,accuracy_pct,Qwen3.5 35B FT,,Abdominal imaging,88.8889,74.6849,95.5934,,,,,36,32
Eurorad,accuracy,accuracy_pct,Qwen3.5 35B FT,,Uroradiology & genital male imaging,90.0,59.5844,98.2124,,,,,10,9
Eurorad,accuracy,accuracy_pct,Qwen3.5 35B FT,,Others,62.5,30.5738,86.3158,,,,,8,5
Eurorad,accuracy,accuracy_pct,Qwen3.5 35B FT,,Breast imaging,100.0,56.5509,100.0,,,,,5,5
Eurorad,accuracy,accuracy_pct,Qwen3.5 35B FT,,Head & neck imaging,84.6154,57.7648,95.6743,,,,,13,11
Eurorad,accuracy,accuracy_pct,Qwen3.5 35B FT,,Neuroradiology,85.3659,71.5562,93.1158,,,,,41,35
Eurorad,accuracy,accuracy_pct,Qwen3.5 35B FT,,Chest imaging,90.9091,62.2635,98.3768,,,,,11,10
Eurorad,accuracy,accuracy_pct,Gemma 4 31B,,Overall,86.4734,81.1448,90.473,,,,,207,179
Eurorad,accuracy,accuracy_pct,Gemma 4 31B,,Musculoskeletal system,89.3617,77.4055,95.3696,,,,,47,42
Eurorad,accuracy,accuracy_pct,Gemma 4 31B,,Paediatric radiology,83.3333,66.4353,92.6636,,,,,30,25
Eurorad,accuracy,accuracy_pct,Gemma 4 31B,,Cardiovascular,83.3333,43.6491,96.9947,,,,,6,5
Eurorad,accuracy,accuracy_pct,Gemma 4 31B,,Abdominal imaging,83.3333,68.1089,92.1297,,,,,36,30
Eurorad,accuracy,accuracy_pct,Gemma 4 31B,,Uroradiology & genital male imaging,100.0,72.246,100.0,,,,,10,10
Eurorad,accuracy,accuracy_pct,Gemma 4 31B,,Others,75.0,40.927,92.8522,,,,,8,6
Eurorad,accuracy,accuracy_pct,Gemma 4 31B,,Breast imaging,100.0,56.5509,100.0,,,,,5,5
Eurorad,accuracy,accuracy_pct,Gemma 4 31B,,Head & neck imaging,84.6154,57.7648,95.6743,,,,,13,11
Eurorad,accuracy,accuracy_pct,Gemma 4 31B,,Neuroradiology,87.8049,74.4555,94.6767,,,,,41,36
Eurorad,accuracy,accuracy_pct,Gemma 4 31B,,Chest imaging,81.8182,52.3014,94.8633,,,,,11,9
Eurorad,fisher_exact_subspecialty,p_value,best_proprietary,best_on_device,Musculoskeletal system,,,,0.2673,1.0,no,,,
Eurorad,fisher_exact_subspecialty,p_value,best_proprietary,best_on_device,Paediatric radiology,,,,0.6707,1.0,no,,,
Eurorad,fisher_exact_subspecialty,p_value,best_proprietary,best_on_device,Cardiovascular,,,,0.4545,1.0,no,,,
Eurorad,fisher_exact_subspecialty,p_value,best_proprietary,best_on_device,Abdominal imaging,,,,0.357,1.0,no,,,
Eurorad,fisher_exact_subspecialty,p_value,best_proprietary,best_on_device,Uroradiology & genital male imaging,,,,1.0,1.0,no,,,
Eurorad,fisher_exact_subspecialty,p_value,best_proprietary,best_on_device,Others,,,,1.0,1.0,no,,,
Eurorad,fisher_exact_subspecialty,p_value,best_proprietary,best_on_device,Breast imaging,,,,1.0,1.0,no,,,
Eurorad,fisher_exact_subspecialty,p_value,best_proprietary,best_on_device,Head & neck imaging,,,,1.0,1.0,no,,,
Eurorad,fisher_exact_subspecialty,p_value,best_proprietary,best_on_device,Neuroradiology,,,,1.0,1.0,no,,,
Eurorad,fisher_exact_subspecialty,p_value,best_proprietary,best_on_device,Chest imaging,,,,1.0,1.0,no,,,
Eurorad,mcnemar,p_value,GPT-5.1,GPT-5-mini,,,,,0.0162,0.5978,no,6.0,,
Eurorad,mcnemar,p_value,GPT-5.1,Gemini 3.1 Pro,,,,,0.2278,1.0,no,0.375,,
Eurorad,mcnemar,p_value,GPT-5.1,DeepSeek-R1,,,,,0.0033,0.1371,no,4.2,,
Eurorad,mcnemar,p_value,GPT-5.1,gpt-oss-20b (H),,,,,0.0013,0.0592,no,4.6,,
Eurorad,mcnemar,p_value,GPT-5.1,gpt-oss-120b (H),,,,,0.0059,0.2362,no,5.3333,,
Eurorad,mcnemar,p_value,GPT-5.1,Qwen3.5 9B,,,,,0.0,0.0006,yes,7.75,,
Eurorad,mcnemar,p_value,GPT-5.1,Qwen3.5 27B,,,,,0.0012,0.0564,no,4.1667,,
Eurorad,mcnemar,p_value,GPT-5.1,Qwen3.5 35B,,,,,0.0291,1.0,no,3.2,,
Eurorad,mcnemar,p_value,GPT-5.1,Qwen3.5 35B FT,,,,,0.6767,1.0,no,1.3,,
Eurorad,mcnemar,p_value,GPT-5.1,Gemma 4 31B,,,,,0.3268,1.0,no,1.6,,
Eurorad,mcnemar,p_value,GPT-5-mini,Gemini 3.1 Pro,,,,,0.0007,0.0322,yes,0.0625,,
Eurorad,mcnemar,p_value,GPT-5-mini,DeepSeek-R1,,,,,0.3074,1.0,no,1.6667,,
Eurorad,mcnemar,p_value,GPT-5-mini,gpt-oss-20b (H),,,,,0.1356,1.0,no,2.1429,,
Eurorad,mcnemar,p_value,GPT-5-mini,gpt-oss-120b (H),,,,,0.6276,1.0,no,1.4286,,
Eurorad,mcnemar,p_value,GPT-5-mini,Qwen3.5 9B,,,,,0.0041,0.1663,no,3.4286,,
Eurorad,mcnemar,p_value,GPT-5-mini,Qwen3.5 27B,,,,,0.1237,1.0,no,2.0,,
Eurorad,mcnemar,p_value,GPT-5-mini,Qwen3.5 35B,,,,,1.0,1.0,no,1.1,,
Eurorad,mcnemar,p_value,GPT-5-mini,Qwen3.5 35B FT,,,,,0.2652,1.0,no,0.6111,,
Eurorad,mcnemar,p_value,GPT-5-mini,Gemma 4 31B,,,,,0.5563,1.0,no,0.7333,,
Eurorad,mcnemar,p_value,Gemini 3.1 Pro,DeepSeek-R1,,,,,0.0003,0.0164,yes,5.2,,
Eurorad,mcnemar,p_value,Gemini 3.1 Pro,gpt-oss-20b (H),,,,,0.0001,0.004,yes,6.75,,
Eurorad,mcnemar,p_value,Gemini 3.1 Pro,gpt-oss-120b (H),,,,,0.0005,0.025,yes,7.0,,
Eurorad,mcnemar,p_value,Gemini 3.1 Pro,Qwen3.5 9B,,,,,0.0,0.0,yes,11.6667,,
Eurorad,mcnemar,p_value,Gemini 3.1 Pro,Qwen3.5 27B,,,,,0.0,0.0025,yes,7.0,,
Eurorad,mcnemar,p_value,Gemini 3.1 Pro,Qwen3.5 35B,,,,,0.0014,0.0609,no,6.3333,,
Eurorad,mcnemar,p_value,Gemini 3.1 Pro,Qwen3.5 35B FT,,,,,0.1698,1.0,no,1.8889,,
Eurorad,mcnemar,p_value,Gemini 3.1 Pro,Gemma 4 31B,,,,,0.0371,1.0,no,2.8333,,
Eurorad,mcnemar,p_value,DeepSeek-R1,gpt-oss-20b (H),,,,,0.8026,1.0,no,1.2857,,
Eurorad,mcnemar,p_value,DeepSeek-R1,gpt-oss-120b (H),,,,,0.6625,1.0,no,0.75,,
Eurorad,mcnemar,p_value,DeepSeek-R1,Qwen3.5 9B,,,,,0.0543,1.0,no,2.375,,
Eurorad,mcnemar,p_value,DeepSeek-R1,Qwen3.5 27B,,,,,0.7103,1.0,no,1.2308,,
Eurorad,mcnemar,p_value,DeepSeek-R1,Qwen3.5 35B,,,,,0.4042,1.0,no,0.6429,,
Eurorad,mcnemar,p_value,DeepSeek-R1,Qwen3.5 35B FT,,,,,0.0311,1.0,no,0.4091,,
Eurorad,mcnemar,p_value,DeepSeek-R1,Gemma 4 31B,,,,,0.1116,1.0,no,0.5238,,
Eurorad,mcnemar,p_value,gpt-oss-20b (H),gpt-oss-120b (H),,,,,0.3588,1.0,no,0.5833,,
Eurorad,mcnemar,p_value,gpt-oss-20b (H),Qwen3.5 9B,,,,,0.1508,1.0,no,1.8182,,
Eurorad,mcnemar,p_value,gpt-oss-20b (H),Qwen3.5 27B,,,,,1.0,1.0,no,1.0625,,
Eurorad,mcnemar,p_value,gpt-oss-20b (H),Qwen3.5 35B,,,,,0.2301,1.0,no,0.5625,,
Eurorad,mcnemar,p_value,gpt-oss-20b (H),Qwen3.5 35B FT,,,,,0.0119,0.453,no,0.3478,,
Eurorad,mcnemar,p_value,gpt-oss-20b (H),Gemma 4 31B,,,,,0.0592,1.0,no,0.4783,,
Eurorad,mcnemar,p_value,gpt-oss-120b (H),Qwen3.5 9B,,,,,0.0303,1.0,no,2.2727,,
Eurorad,mcnemar,p_value,gpt-oss-120b (H),Qwen3.5 27B,,,,,0.3768,1.0,no,1.4615,,
Eurorad,mcnemar,p_value,gpt-oss-120b (H),Qwen3.5 35B,,,,,0.8383,1.0,no,0.8462,,
Eurorad,mcnemar,p_value,gpt-oss-120b (H),Qwen3.5 35B FT,,,,,0.1116,1.0,no,0.5238,,
Eurorad,mcnemar,p_value,gpt-oss-120b (H),Gemma 4 31B,,,,,0.2812,1.0,no,0.6316,,
Eurorad,mcnemar,p_value,Qwen3.5 9B,Qwen3.5 27B,,,,,0.1175,1.0,no,0.4286,,
Eurorad,mcnemar,p_value,Qwen3.5 9B,Qwen3.5 35B,,,,,0.0022,0.0946,no,0.2,,
Eurorad,mcnemar,p_value,Qwen3.5 9B,Qwen3.5 35B FT,,,,,0.0003,0.0141,yes,0.25,,
Eurorad,mcnemar,p_value,Qwen3.5 9B,Gemma 4 31B,,,,,0.0005,0.0244,yes,0.2222,,
Eurorad,mcnemar,p_value,Qwen3.5 27B,Qwen3.5 35B,,,,,0.1698,1.0,no,0.5294,,
Eurorad,mcnemar,p_value,Qwen3.5 27B,Qwen3.5 35B FT,,,,,0.0101,0.3938,no,0.36,,
Eurorad,mcnemar,p_value,Qwen3.5 27B,Gemma 4 31B,,,,,0.0367,1.0,no,0.4348,,
Eurorad,mcnemar,p_value,Qwen3.5 35B,Qwen3.5 35B FT,,,,,0.099,1.0,no,0.3846,,
Eurorad,mcnemar,p_value,Qwen3.5 35B,Gemma 4 31B,,,,,0.3827,1.0,no,0.6154,,
Eurorad,mcnemar,p_value,Qwen3.5 35B FT,Gemma 4 31B,,,,,0.7003,1.0,no,1.25,,
Eurorad,fleiss_kappa,kappa,GPT-5.1,,,0.8115,0.682,0.9069,,,,,,
Eurorad,fleiss_kappa,kappa,GPT-5-mini,,,0.913,0.8455,0.97,,,,,,
Eurorad,fleiss_kappa,kappa,Gemini 3.1 Pro,,,0.858,0.7284,0.954,,,,,,
Eurorad,fleiss_kappa,kappa,DeepSeek-R1,,,0.7907,0.695,0.8728,,,,,,
Eurorad,fleiss_kappa,kappa,gpt-oss-20b (H),,,0.6729,0.5643,0.7676,,,,,,
Eurorad,fleiss_kappa,kappa,gpt-oss-120b (H),,,0.8193,0.73,0.8979,,,,,,
Eurorad,fleiss_kappa,kappa,Qwen3.5 9B,,,0.8506,0.7775,0.914,,,,,,
Eurorad,fleiss_kappa,kappa,Qwen3.5 27B,,,0.8244,0.7343,0.8954,,,,,,
Eurorad,fleiss_kappa,kappa,Qwen3.5 35B,,,0.9023,0.8331,0.9617,,,,,,
Eurorad,fleiss_kappa,kappa,Qwen3.5 35B FT,,,0.5828,0.4381,0.7001,,,,,,
Eurorad,fleiss_kappa,kappa,Gemma 4 31B,,,0.973,0.9241,1.0,,,,,,
Eurorad,cohen_kappa,kappa,GPT-5.1,GPT-5-mini,,0.7034,0.5354,0.8384,,,,,,
Eurorad,cohen_kappa,kappa,GPT-5.1,Gemini 3.1 Pro,,0.6891,0.4803,0.8476,,,,,,
Eurorad,cohen_kappa,kappa,GPT-5.1,DeepSeek-R1,,0.4993,0.3306,0.6498,,,,,,
Eurorad,cohen_kappa,kappa,GPT-5.1,gpt-oss-20b (H),,0.4766,0.3066,0.6288,,,,,,
Eurorad,cohen_kappa,kappa,GPT-5.1,gpt-oss-120b (H),,0.6166,0.4481,0.7648,,,,,,
Eurorad,cohen_kappa,kappa,GPT-5.1,Qwen3.5 9B,,0.4223,0.2672,0.562,,,,,,
Eurorad,cohen_kappa,kappa,GPT-5.1,Qwen3.5 27B,,0.4289,0.2535,0.5776,,,,,,
Eurorad,cohen_kappa,kappa,GPT-5.1,Qwen3.5 35B,,0.5624,0.3818,0.7123,,,,,,
Eurorad,cohen_kappa,kappa,GPT-5.1,Qwen3.5 35B FT,,0.4483,0.2319,0.623,,,,,,
Eurorad,cohen_kappa,kappa,GPT-5.1,Gemma 4 31B,,0.4097,0.2004,0.5767,,,,,,
Eurorad,cohen_kappa,kappa,GPT-5-mini,Gemini 3.1 Pro,,0.6114,0.4243,0.763,,,,,,
Eurorad,cohen_kappa,kappa,GPT-5-mini,DeepSeek-R1,,0.588,0.4362,0.7288,,,,,,
Eurorad,cohen_kappa,kappa,GPT-5-mini,gpt-oss-20b (H),,0.6311,0.4843,0.757,,,,,,
Eurorad,cohen_kappa,kappa,GPT-5-mini,gpt-oss-120b (H),,0.6974,0.5455,0.8227,,,,,,
Eurorad,cohen_kappa,kappa,GPT-5-mini,Qwen3.5 9B,,0.5292,0.384,0.663,,,,,,
Eurorad,cohen_kappa,kappa,GPT-5-mini,Qwen3.5 27B,,0.5524,0.3951,0.6891,,,,,,
Eurorad,cohen_kappa,kappa,GPT-5-mini,Qwen3.5 35B,,0.6168,0.4512,0.7566,,,,,,
Eurorad,cohen_kappa,kappa,GPT-5-mini,Qwen3.5 35B FT,,0.4114,0.2092,0.5827,,,,,,
Eurorad,cohen_kappa,kappa,GPT-5-mini,Gemma 4 31B,,0.4936,0.3081,0.6511,,,,,,
Eurorad,cohen_kappa,kappa,Gemini 3.1 Pro,DeepSeek-R1,,0.3642,0.1884,0.5235,,,,,,
Eurorad,cohen_kappa,kappa,Gemini 3.1 Pro,gpt-oss-20b (H),,0.3853,0.2053,0.544,,,,,,
Eurorad,cohen_kappa,kappa,Gemini 3.1 Pro,gpt-oss-120b (H),,0.4811,0.2956,0.6408,,,,,,
Eurorad,cohen_kappa,kappa,Gemini 3.1 Pro,Qwen3.5 9B,,0.3443,0.1917,0.4879,,,,,,
Eurorad,cohen_kappa,kappa,Gemini 3.1 Pro,Qwen3.5 27B,,0.3758,0.1965,0.5184,,,,,,
Eurorad,cohen_kappa,kappa,Gemini 3.1 Pro,Qwen3.5 35B,,0.5065,0.3235,0.6667,,,,,,
Eurorad,cohen_kappa,kappa,Gemini 3.1 Pro,Qwen3.5 35B FT,,0.3139,0.1127,0.5078,,,,,,
Eurorad,cohen_kappa,kappa,Gemini 3.1 Pro,Gemma 4 31B,,0.4307,0.2173,0.6041,,,,,,
Eurorad,cohen_kappa,kappa,DeepSeek-R1,gpt-oss-20b (H),,0.7473,0.6217,0.8594,,,,,,
Eurorad,cohen_kappa,kappa,DeepSeek-R1,gpt-oss-120b (H),,0.6509,0.5144,0.7837,,,,,,
Eurorad,cohen_kappa,kappa,DeepSeek-R1,Qwen3.5 9B,,0.6088,0.4642,0.7335,,,,,,
Eurorad,cohen_kappa,kappa,DeepSeek-R1,Qwen3.5 27B,,0.5465,0.3899,0.6884,,,,,,
Eurorad,cohen_kappa,kappa,DeepSeek-R1,Qwen3.5 35B,,0.6094,0.4559,0.7502,,,,,,
Eurorad,cohen_kappa,kappa,DeepSeek-R1,Qwen3.5 35B FT,,0.424,0.2488,0.5865,,,,,,
Eurorad,cohen_kappa,kappa,DeepSeek-R1,Gemma 4 31B,,0.4257,0.2518,0.5839,,,,,,
Eurorad,cohen_kappa,kappa,gpt-oss-20b (H),gpt-oss-120b (H),,0.6909,0.5494,0.8171,,,,,,
Eurorad,cohen_kappa,kappa,gpt-oss-20b (H),Qwen3.5 9B,,0.5575,0.4056,0.685,,,,,,
Eurorad,cohen_kappa,kappa,gpt-oss-20b (H),Qwen3.5 27B,,0.4935,0.3474,0.6284,,,,,,
Eurorad,cohen_kappa,kappa,gpt-oss-20b (H),Qwen3.5 35B,,0.585,0.4331,0.7162,,,,,,
Eurorad,cohen_kappa,kappa,gpt-oss-20b (H),Qwen3.5 35B FT,,0.4398,0.2718,0.5873,,,,,,
Eurorad,cohen_kappa,kappa,gpt-oss-20b (H),Gemma 4 31B,,0.4054,0.2406,0.5595,,,,,,
Eurorad,cohen_kappa,kappa,gpt-oss-120b (H),Qwen3.5 9B,,0.4661,0.3066,0.6038,,,,,,
Eurorad,cohen_kappa,kappa,gpt-oss-120b (H),Qwen3.5 27B,,0.485,0.3224,0.6282,,,,,,
Eurorad,cohen_kappa,kappa,gpt-oss-120b (H),Qwen3.5 35B,,0.5778,0.4132,0.7187,,,,,,
Eurorad,cohen_kappa,kappa,gpt-oss-120b (H),Qwen3.5 35B FT,,0.3792,0.1937,0.5445,,,,,,
Eurorad,cohen_kappa,kappa,gpt-oss-120b (H),Gemma 4 31B,,0.4209,0.2473,0.5842,,,,,,
Eurorad,cohen_kappa,kappa,Qwen3.5 9B,Qwen3.5 27B,,0.7167,0.6008,0.8268,,,,,,
Eurorad,cohen_kappa,kappa,Qwen3.5 9B,Qwen3.5 35B,,0.6384,0.4934,0.7614,,,,,,
Eurorad,cohen_kappa,kappa,Qwen3.5 9B,Qwen3.5 35B FT,,0.3565,0.1944,0.5008,,,,,,
Eurorad,cohen_kappa,kappa,Qwen3.5 9B,Gemma 4 31B,,0.4823,0.3318,0.6263,,,,,,
Eurorad,cohen_kappa,kappa,Qwen3.5 27B,Qwen3.5 35B,,0.5733,0.3994,0.7099,,,,,,
Eurorad,cohen_kappa,kappa,Qwen3.5 27B,Qwen3.5 35B FT,,0.3939,0.2124,0.5551,,,,,,
Eurorad,cohen_kappa,kappa,Qwen3.5 27B,Gemma 4 31B,,0.4301,0.2591,0.6013,,,,,,
Eurorad,cohen_kappa,kappa,Qwen3.5 35B,Qwen3.5 35B FT,,0.6402,0.4722,0.7762,,,,,,
Eurorad,cohen_kappa,kappa,Qwen3.5 35B,Gemma 4 31B,,0.5967,0.4283,0.7429,,,,,,
Eurorad,cohen_kappa,kappa,Qwen3.5 35B FT,Gemma 4 31B,,0.416,0.209,0.592,,,,,,
NMED_Diagnosis,error_summary,median_error,GPT-5.1,,,0.0,-0.5,0.1042,,,,,720,
NMED_Diagnosis,error_summary,median_error,GPT-5-mini,,,-0.5,-1.1042,0.0,,,,,720,
NMED_Diagnosis,error_summary,median_error,Gemini 3.1,,,0.0,0.0,0.5,,,,,720,
NMED_Diagnosis,error_summary,median_error,DeepSeek-R1,,,-0.3333,-0.6667,0.0,,,,,720,
NMED_Diagnosis,error_summary,median_error,gpt-oss-20b (H),,,-0.25,-0.6667,0.0,,,,,720,
NMED_Diagnosis,error_summary,median_error,gpt-oss-120b (H),,,0.0,-0.5,0.2708,,,,,720,
NMED_Diagnosis,error_summary,median_error,Qwen3.5 9B,,,0.0,0.0,0.5,,,,,720,
NMED_Diagnosis,error_summary,median_error,Qwen3.5 27B,,,0.0,0.0,0.5,,,,,720,
NMED_Diagnosis,error_summary,median_error,Qwen3.5 35B,,,0.0,-0.0833,0.5,,,,,720,
NMED_Diagnosis,error_summary,median_error,Gemma 4 31B,,,0.0,0.0,0.5,,,,,720,
NMED_Diagnosis,wilcoxon,p_value,GPT-5.1,GPT-5-mini,,,,,0.0,0.0,yes,-0.6505,,
NMED_Diagnosis,wilcoxon,p_value,GPT-5.1,Gemini 3.1,,,,,0.7024,1.0,no,-0.0239,,
NMED_Diagnosis,wilcoxon,p_value,GPT-5.1,DeepSeek-R1,,,,,0.0031,0.0397,yes,-0.1467,,
NMED_Diagnosis,wilcoxon,p_value,GPT-5.1,gpt-oss-20b (H),,,,,0.0,0.0,yes,-0.291,,
NMED_Diagnosis,wilcoxon,p_value,GPT-5.1,gpt-oss-120b (H),,,,,0.0,0.0,yes,-0.3854,,
NMED_Diagnosis,wilcoxon,p_value,GPT-5.1,Qwen3.5 9B,,,,,0.0626,0.313,no,0.1079,,
NMED_Diagnosis,wilcoxon,p_value,GPT-5.1,Qwen3.5 27B,,,,,0.0,0.0,yes,0.2712,,
NMED_Diagnosis,wilcoxon,p_value,GPT-5.1,Qwen3.5 35B,,,,,0.0053,0.0634,no,0.1499,,
NMED_Diagnosis,wilcoxon,p_value,GPT-5.1,Gemma 4 31B,,,,,0.7948,1.0,no,-0.0113,,
NMED_Diagnosis,wilcoxon,p_value,GPT-5-mini,Gemini 3.1,,,,,0.0,0.0,yes,0.634,,
NMED_Diagnosis,wilcoxon,p_value,GPT-5-mini,DeepSeek-R1,,,,,0.0,0.0,yes,0.4948,,
NMED_Diagnosis,wilcoxon,p_value,GPT-5-mini,gpt-oss-20b (H),,,,,0.0,0.0,yes,0.3786,,
NMED_Diagnosis,wilcoxon,p_value,GPT-5-mini,gpt-oss-120b (H),,,,,0.0,0.0,yes,0.2765,,
NMED_Diagnosis,wilcoxon,p_value,GPT-5-mini,Qwen3.5 9B,,,,,0.0,0.0,yes,0.6457,,
NMED_Diagnosis,wilcoxon,p_value,GPT-5-mini,Qwen3.5 27B,,,,,0.0,0.0,yes,0.7464,,
NMED_Diagnosis,wilcoxon,p_value,GPT-5-mini,Qwen3.5 35B,,,,,0.0,0.0,yes,0.6843,,
NMED_Diagnosis,wilcoxon,p_value,GPT-5-mini,Gemma 4 31B,,,,,0.0,0.0,yes,0.677,,
NMED_Diagnosis,wilcoxon,p_value,Gemini 3.1,DeepSeek-R1,,,,,0.0254,0.1523,no,-0.1088,,
NMED_Diagnosis,wilcoxon,p_value,Gemini 3.1,gpt-oss-20b (H),,,,,0.0,0.0,yes,-0.2586,,
NMED_Diagnosis,wilcoxon,p_value,Gemini 3.1,gpt-oss-120b (H),,,,,0.0,0.0,yes,-0.4927,,
NMED_Diagnosis,wilcoxon,p_value,Gemini 3.1,Qwen3.5 9B,,,,,0.0106,0.1063,no,0.1786,,
NMED_Diagnosis,wilcoxon,p_value,Gemini 3.1,Qwen3.5 27B,,,,,0.0,0.0,yes,0.5163,,
NMED_Diagnosis,wilcoxon,p_value,Gemini 3.1,Qwen3.5 35B,,,,,0.0001,0.0024,yes,0.2651,,
NMED_Diagnosis,wilcoxon,p_value,Gemini 3.1,Gemma 4 31B,,,,,0.5881,1.0,no,-0.0431,,
NMED_Diagnosis,wilcoxon,p_value,DeepSeek-R1,gpt-oss-20b (H),,,,,0.016,0.128,no,-0.1293,,
NMED_Diagnosis,wilcoxon,p_value,DeepSeek-R1,gpt-oss-120b (H),,,,,0.0002,0.0026,yes,-0.1789,,
NMED_Diagnosis,wilcoxon,p_value,DeepSeek-R1,Qwen3.5 9B,,,,,0.0,0.0002,yes,0.2052,,
NMED_Diagnosis,wilcoxon,p_value,DeepSeek-R1,Qwen3.5 27B,,,,,0.0,0.0,yes,0.3528,,
NMED_Diagnosis,wilcoxon,p_value,DeepSeek-R1,Qwen3.5 35B,,,,,0.0,0.0,yes,0.2592,,
NMED_Diagnosis,wilcoxon,p_value,DeepSeek-R1,Gemma 4 31B,,,,,0.0216,0.151,no,0.1131,,
NMED_Diagnosis,wilcoxon,p_value,gpt-oss-20b (H),gpt-oss-120b (H),,,,,0.0053,0.0634,no,-0.1439,,
NMED_Diagnosis,wilcoxon,p_value,gpt-oss-20b (H),Qwen3.5 9B,,,,,0.0,0.0,yes,0.3589,,
NMED_Diagnosis,wilcoxon,p_value,gpt-oss-20b (H),Qwen3.5 27B,,,,,0.0,0.0,yes,0.4906,,
NMED_Diagnosis,wilcoxon,p_value,gpt-oss-20b (H),Qwen3.5 35B,,,,,0.0,0.0,yes,0.4179,,
NMED_Diagnosis,wilcoxon,p_value,gpt-oss-20b (H),Gemma 4 31B,,,,,0.0,0.0,yes,0.2798,,
NMED_Diagnosis,wilcoxon,p_value,gpt-oss-120b (H),Qwen3.5 9B,,,,,0.0,0.0,yes,0.435,,
NMED_Diagnosis,wilcoxon,p_value,gpt-oss-120b (H),Qwen3.5 27B,,,,,0.0,0.0,yes,0.5818,,
NMED_Diagnosis,wilcoxon,p_value,gpt-oss-120b (H),Qwen3.5 35B,,,,,0.0,0.0,yes,0.4525,,
NMED_Diagnosis,wilcoxon,p_value,gpt-oss-120b (H),Gemma 4 31B,,,,,0.0,0.0,yes,0.4774,,
NMED_Diagnosis,wilcoxon,p_value,Qwen3.5 9B,Qwen3.5 27B,,,,,0.0,0.0004,yes,0.3107,,
NMED_Diagnosis,wilcoxon,p_value,Qwen3.5 9B,Qwen3.5 35B,,,,,0.5377,1.0,no,0.0331,,
NMED_Diagnosis,wilcoxon,p_value,Qwen3.5 9B,Gemma 4 31B,,,,,0.0112,0.1063,no,-0.2023,,
NMED_Diagnosis,wilcoxon,p_value,Qwen3.5 27B,Qwen3.5 35B,,,,,0.001,0.0139,yes,-0.2433,,
NMED_Diagnosis,wilcoxon,p_value,Qwen3.5 27B,Gemma 4 31B,,,,,0.0,0.0,yes,-0.6593,,
NMED_Diagnosis,wilcoxon,p_value,Qwen3.5 35B,Gemma 4 31B,,,,,0.0007,0.0103,yes,-0.2479,,
NMED_Diagnosis,icc_3k,icc,GPT-5.1,,,0.9384,0.922,0.9515,,,,,,
NMED_Diagnosis,icc_3k,icc,GPT-5-mini,,,0.9946,0.9935,0.9956,,,,,,
NMED_Diagnosis,icc_3k,icc,Gemini 3.1,,,0.9924,0.9904,0.9941,,,,,,
NMED_Diagnosis,icc_3k,icc,DeepSeek-R1,,,0.8184,0.7789,0.8509,,,,,,
NMED_Diagnosis,icc_3k,icc,gpt-oss-20b (H),,,0.859,0.8304,0.883,,,,,,
NMED_Diagnosis,icc_3k,icc,gpt-oss-120b (H),,,0.9381,0.9221,0.9512,,,,,,
NMED_Diagnosis,icc_3k,icc,Qwen3.5 9B,,,0.9142,0.8937,0.9302,,,,,,
NMED_Diagnosis,icc_3k,icc,Qwen3.5 27B,,,0.9532,0.9409,0.9634,,,,,,
NMED_Diagnosis,icc_3k,icc,Qwen3.5 35B,,,0.9022,0.8809,0.9203,,,,,,
NMED_Diagnosis,icc_3k,icc,Gemma 4 31B,,,0.9895,0.9859,0.9925,,,,,,
NMED_Diagnosis,weighted_kappa,kappa_w,GPT-5.1,GPT-5-mini,,0.5405,0.496,0.5802,,,,,,
NMED_Diagnosis,weighted_kappa,kappa_w,GPT-5.1,Gemini 3.1,,0.6537,0.6081,0.6918,,,,,,
NMED_Diagnosis,weighted_kappa,kappa_w,GPT-5.1,DeepSeek-R1,,0.576,0.5299,0.6165,,,,,,
NMED_Diagnosis,weighted_kappa,kappa_w,GPT-5.1,gpt-oss-20b (H),,0.6399,0.5995,0.6794,,,,,,
NMED_Diagnosis,weighted_kappa,kappa_w,GPT-5.1,gpt-oss-120b (H),,0.6096,0.563,0.6503,,,,,,
NMED_Diagnosis,weighted_kappa,kappa_w,GPT-5.1,Qwen3.5 9B,,0.4486,0.3964,0.4966,,,,,,
NMED_Diagnosis,weighted_kappa,kappa_w,GPT-5.1,Qwen3.5 27B,,0.5283,0.4836,0.5682,,,,,,
NMED_Diagnosis,weighted_kappa,kappa_w,GPT-5.1,Qwen3.5 35B,,0.5421,0.4977,0.5809,,,,,,
NMED_Diagnosis,weighted_kappa,kappa_w,GPT-5.1,Gemma 4 31B,,0.6543,0.608,0.6954,,,,,,
NMED_Diagnosis,weighted_kappa,kappa_w,GPT-5-mini,Gemini 3.1,,0.469,0.4166,0.5159,,,,,,
NMED_Diagnosis,weighted_kappa,kappa_w,GPT-5-mini,DeepSeek-R1,,0.5015,0.4553,0.5462,,,,,,
NMED_Diagnosis,weighted_kappa,kappa_w,GPT-5-mini,gpt-oss-20b (H),,0.5437,0.5003,0.5815,,,,,,
NMED_Diagnosis,weighted_kappa,kappa_w,GPT-5-mini,gpt-oss-120b (H),,0.518,0.469,0.5634,,,,,,
NMED_Diagnosis,weighted_kappa,kappa_w,GPT-5-mini,Qwen3.5 9B,,0.2911,0.2478,0.335,,,,,,
NMED_Diagnosis,weighted_kappa,kappa_w,GPT-5-mini,Qwen3.5 27B,,0.3248,0.2837,0.3664,,,,,,
NMED_Diagnosis,weighted_kappa,kappa_w,GPT-5-mini,Qwen3.5 35B,,0.3733,0.3308,0.4133,,,,,,
NMED_Diagnosis,weighted_kappa,kappa_w,GPT-5-mini,Gemma 4 31B,,0.4571,0.4057,0.5046,,,,,,
NMED_Diagnosis,weighted_kappa,kappa_w,Gemini 3.1,DeepSeek-R1,,0.5475,0.4967,0.5926,,,,,,
NMED_Diagnosis,weighted_kappa,kappa_w,Gemini 3.1,gpt-oss-20b (H),,0.5737,0.5258,0.617,,,,,,
NMED_Diagnosis,weighted_kappa,kappa_w,Gemini 3.1,gpt-oss-120b (H),,0.6839,0.6364,0.722,,,,,,
NMED_Diagnosis,weighted_kappa,kappa_w,Gemini 3.1,Qwen3.5 9B,,0.6021,0.5547,0.6421,,,,,,
NMED_Diagnosis,weighted_kappa,kappa_w,Gemini 3.1,Qwen3.5 27B,,0.7385,0.7083,0.7668,,,,,,
NMED_Diagnosis,weighted_kappa,kappa_w,Gemini 3.1,Qwen3.5 35B,,0.676,0.6395,0.7085,,,,,,
NMED_Diagnosis,weighted_kappa,kappa_w,Gemini 3.1,Gemma 4 31B,,0.917,0.8941,0.9371,,,,,,
NMED_Diagnosis,weighted_kappa,kappa_w,DeepSeek-R1,gpt-oss-20b (H),,0.6121,0.5675,0.6508,,,,,,
NMED_Diagnosis,weighted_kappa,kappa_w,DeepSeek-R1,gpt-oss-120b (H),,0.5471,0.4974,0.5905,,,,,,
NMED_Diagnosis,weighted_kappa,kappa_w,DeepSeek-R1,Qwen3.5 9B,,0.4035,0.3544,0.4469,,,,,,
NMED_Diagnosis,weighted_kappa,kappa_w,DeepSeek-R1,Qwen3.5 27B,,0.4526,0.4075,0.494,,,,,,
NMED_Diagnosis,weighted_kappa,kappa_w,DeepSeek-R1,Qwen3.5 35B,,0.4828,0.4396,0.5218,,,,,,
NMED_Diagnosis,weighted_kappa,kappa_w,DeepSeek-R1,Gemma 4 31B,,0.5511,0.5008,0.5972,,,,,,
NMED_Diagnosis,weighted_kappa,kappa_w,gpt-oss-20b (H),gpt-oss-120b (H),,0.6583,0.6186,0.6928,,,,,,
NMED_Diagnosis,weighted_kappa,kappa_w,gpt-oss-20b (H),Qwen3.5 9B,,0.4248,0.377,0.4677,,,,,,
NMED_Diagnosis,weighted_kappa,kappa_w,gpt-oss-20b (H),Qwen3.5 27B,,0.4492,0.4052,0.491,,,,,,
NMED_Diagnosis,weighted_kappa,kappa_w,gpt-oss-20b (H),Qwen3.5 35B,,0.5087,0.4642,0.5476,,,,,,
NMED_Diagnosis,weighted_kappa,kappa_w,gpt-oss-20b (H),Gemma 4 31B,,0.563,0.5121,0.6085,,,,,,
NMED_Diagnosis,weighted_kappa,kappa_w,gpt-oss-120b (H),Qwen3.5 9B,,0.4764,0.429,0.5188,,,,,,
NMED_Diagnosis,weighted_kappa,kappa_w,gpt-oss-120b (H),Qwen3.5 27B,,0.5234,0.4832,0.5608,,,,,,
NMED_Diagnosis,weighted_kappa,kappa_w,gpt-oss-120b (H),Qwen3.5 35B,,0.5403,0.5003,0.5753,,,,,,
NMED_Diagnosis,weighted_kappa,kappa_w,gpt-oss-120b (H),Gemma 4 31B,,0.6618,0.6132,0.7063,,,,,,
NMED_Diagnosis,weighted_kappa,kappa_w,Qwen3.5 9B,Qwen3.5 27B,,0.6893,0.6466,0.7271,,,,,,
NMED_Diagnosis,weighted_kappa,kappa_w,Qwen3.5 9B,Qwen3.5 35B,,0.6481,0.603,0.6869,,,,,,
NMED_Diagnosis,weighted_kappa,kappa_w,Qwen3.5 9B,Gemma 4 31B,,0.6105,0.5641,0.6497,,,,,,
NMED_Diagnosis,weighted_kappa,kappa_w,Qwen3.5 27B,Qwen3.5 35B,,0.7387,0.7028,0.7727,,,,,,
NMED_Diagnosis,weighted_kappa,kappa_w,Qwen3.5 27B,Gemma 4 31B,,0.751,0.7215,0.7781,,,,,,
NMED_Diagnosis,weighted_kappa,kappa_w,Qwen3.5 35B,Gemma 4 31B,,0.6749,0.6362,0.7075,,,,,,
NMED_Treatment,error_summary,median_error,GPT-5.1,,,0.3333,0.0,0.6667,,,,,595,
NMED_Treatment,error_summary,median_error,GPT-5-mini,,,0.25,0.0,0.6667,,,,,595,
NMED_Treatment,error_summary,median_error,Gemini 3.1,,,0.5,0.0,1.0,,,,,595,
NMED_Treatment,error_summary,median_error,DeepSeek-R1,,,0.25,0.0,0.6667,,,,,595,
NMED_Treatment,error_summary,median_error,gpt-oss-20b (H),,,0.1667,-0.2917,0.5,,,,,595,
NMED_Treatment,error_summary,median_error,gpt-oss-120b (H),,,0.1667,-0.1667,0.5,,,,,595,
NMED_Treatment,error_summary,median_error,Qwen3.5 9B,,,0.5,0.0,0.8333,,,,,595,
NMED_Treatment,error_summary,median_error,Qwen3.5 27B,,,0.5,0.0,0.8333,,,,,595,
NMED_Treatment,error_summary,median_error,Qwen3.5 35B,,,0.5,0.0,1.0,,,,,595,
NMED_Treatment,error_summary,median_error,Gemma 4 31B,,,0.5,0.0,0.75,,,,,595,
NMED_Treatment,wilcoxon,p_value,GPT-5.1,GPT-5-mini,,,,,0.0987,1.0,no,0.1247,,
NMED_Treatment,wilcoxon,p_value,GPT-5.1,Gemini 3.1,,,,,0.0389,1.0,no,0.1764,,
NMED_Treatment,wilcoxon,p_value,GPT-5.1,DeepSeek-R1,,,,,0.0,0.0005,yes,0.2779,,
NMED_Treatment,wilcoxon,p_value,GPT-5.1,gpt-oss-20b (H),,,,,0.0137,0.4802,no,0.1515,,
NMED_Treatment,wilcoxon,p_value,GPT-5.1,gpt-oss-120b (H),,,,,0.0096,0.3568,no,0.1573,,
NMED_Treatment,wilcoxon,p_value,GPT-5.1,Qwen3.5 9B,,,,,0.0093,0.3539,no,0.185,,
NMED_Treatment,wilcoxon,p_value,GPT-5.1,Qwen3.5 27B,,,,,0.0074,0.296,no,0.2072,,
NMED_Treatment,wilcoxon,p_value,GPT-5.1,Qwen3.5 35B,,,,,0.0686,1.0,no,0.1497,,
NMED_Treatment,wilcoxon,p_value,GPT-5.1,Gemma 4 31B,,,,,0.0474,1.0,no,0.1605,,
NMED_Treatment,wilcoxon,p_value,GPT-5-mini,Gemini 3.1,,,,,0.462,1.0,no,0.0643,,
NMED_Treatment,wilcoxon,p_value,GPT-5-mini,DeepSeek-R1,,,,,0.0005,0.0224,yes,0.2308,,
NMED_Treatment,wilcoxon,p_value,GPT-5-mini,gpt-oss-20b (H),,,,,0.2519,1.0,no,0.076,,
NMED_Treatment,wilcoxon,p_value,GPT-5-mini,gpt-oss-120b (H),,,,,0.2793,1.0,no,0.0748,,
NMED_Treatment,wilcoxon,p_value,GPT-5-mini,Qwen3.5 9B,,,,,0.1675,1.0,no,0.0941,,
NMED_Treatment,wilcoxon,p_value,GPT-5-mini,Qwen3.5 27B,,,,,0.1632,1.0,no,0.107,,
NMED_Treatment,wilcoxon,p_value,GPT-5-mini,Qwen3.5 35B,,,,,0.5612,1.0,no,0.0429,,
NMED_Treatment,wilcoxon,p_value,GPT-5-mini,Gemma 4 31B,,,,,0.9599,1.0,no,-0.0131,,
NMED_Treatment,wilcoxon,p_value,Gemini 3.1,DeepSeek-R1,,,,,0.0001,0.0055,yes,0.2878,,
NMED_Treatment,wilcoxon,p_value,Gemini 3.1,gpt-oss-20b (H),,,,,0.5705,1.0,no,0.0408,,
NMED_Treatment,wilcoxon,p_value,Gemini 3.1,gpt-oss-120b (H),,,,,0.3373,1.0,no,0.0671,,
NMED_Treatment,wilcoxon,p_value,Gemini 3.1,Qwen3.5 9B,,,,,0.0577,1.0,no,0.1635,,
NMED_Treatment,wilcoxon,p_value,Gemini 3.1,Qwen3.5 27B,,,,,0.2099,1.0,no,0.1107,,
NMED_Treatment,wilcoxon,p_value,Gemini 3.1,Qwen3.5 35B,,,,,0.9563,1.0,no,-0.0012,,
NMED_Treatment,wilcoxon,p_value,Gemini 3.1,Gemma 4 31B,,,,,0.5544,1.0,no,-0.0688,,
NMED_Treatment,wilcoxon,p_value,DeepSeek-R1,gpt-oss-20b (H),,,,,0.0626,1.0,no,-0.1091,,
NMED_Treatment,wilcoxon,p_value,DeepSeek-R1,gpt-oss-120b (H),,,,,0.05,1.0,no,-0.1249,,
NMED_Treatment,wilcoxon,p_value,DeepSeek-R1,Qwen3.5 9B,,,,,0.0124,0.4481,no,-0.1594,,
NMED_Treatment,wilcoxon,p_value,DeepSeek-R1,Qwen3.5 27B,,,,,0.0079,0.3086,no,-0.1885,,
NMED_Treatment,wilcoxon,p_value,DeepSeek-R1,Qwen3.5 35B,,,,,0.0003,0.0109,yes,-0.2418,,
NMED_Treatment,wilcoxon,p_value,DeepSeek-R1,Gemma 4 31B,,,,,0.0003,0.0121,yes,-0.2577,,
NMED_Treatment,wilcoxon,p_value,gpt-oss-20b (H),gpt-oss-120b (H),,,,,0.8713,1.0,no,0.0105,,
NMED_Treatment,wilcoxon,p_value,gpt-oss-20b (H),Qwen3.5 9B,,,,,0.6375,1.0,no,-0.0244,,
NMED_Treatment,wilcoxon,p_value,gpt-oss-20b (H),Qwen3.5 27B,,,,,0.9299,1.0,no,-0.0035,,
NMED_Treatment,wilcoxon,p_value,gpt-oss-20b (H),Qwen3.5 35B,,,,,0.2839,1.0,no,-0.0627,,
NMED_Treatment,wilcoxon,p_value,gpt-oss-20b (H),Gemma 4 31B,,,,,0.266,1.0,no,-0.0797,,
NMED_Treatment,wilcoxon,p_value,gpt-oss-120b (H),Qwen3.5 9B,,,,,0.6333,1.0,no,-0.0286,,
NMED_Treatment,wilcoxon,p_value,gpt-oss-120b (H),Qwen3.5 27B,,,,,0.6817,1.0,no,-0.0356,,
NMED_Treatment,wilcoxon,p_value,gpt-oss-120b (H),Qwen3.5 35B,,,,,0.19,1.0,no,-0.0816,,
NMED_Treatment,wilcoxon,p_value,gpt-oss-120b (H),Gemma 4 31B,,,,,0.1672,1.0,no,-0.0884,,
NMED_Treatment,wilcoxon,p_value,Qwen3.5 9B,Qwen3.5 27B,,,,,0.9263,1.0,no,-0.0223,,
NMED_Treatment,wilcoxon,p_value,Qwen3.5 9B,Qwen3.5 35B,,,,,0.0623,1.0,no,-0.1625,,
NMED_Treatment,wilcoxon,p_value,Qwen3.5 9B,Gemma 4 31B,,,,,0.045,1.0,no,-0.1576,,
NMED_Treatment,wilcoxon,p_value,Qwen3.5 27B,Qwen3.5 35B,,,,,0.0433,1.0,no,-0.1844,,
NMED_Treatment,wilcoxon,p_value,Qwen3.5 27B,Gemma 4 31B,,,,,0.0674,1.0,no,-0.1638,,
NMED_Treatment,wilcoxon,p_value,Qwen3.5 35B,Gemma 4 31B,,,,,0.6062,1.0,no,-0.0476,,
NMED_Treatment,icc_3k,icc,GPT-5.1,,,0.95,0.933,0.9649,,,,,,
NMED_Treatment,icc_3k,icc,GPT-5-mini,,,0.9933,0.9911,0.995,,,,,,
NMED_Treatment,icc_3k,icc,Gemini 3.1,,,0.9872,0.9794,0.993,,,,,,
NMED_Treatment,icc_3k,icc,DeepSeek-R1,,,0.8856,0.8506,0.9113,,,,,,
NMED_Treatment,icc_3k,icc,gpt-oss-20b (H),,,0.6996,0.645,0.7504,,,,,,
NMED_Treatment,icc_3k,icc,gpt-oss-120b (H),,,0.7711,0.7232,0.8146,,,,,,
NMED_Treatment,icc_3k,icc,Qwen3.5 9B,,,0.9319,0.903,0.9539,,,,,,
NMED_Treatment,icc_3k,icc,Qwen3.5 27B,,,0.9598,0.948,0.97,,,,,,
NMED_Treatment,icc_3k,icc,Qwen3.5 35B,,,0.9445,0.9232,0.9619,,,,,,
NMED_Treatment,icc_3k,icc,Gemma 4 31B,,,0.961,0.9419,0.9741,,,,,,
NMED_Treatment,weighted_kappa,kappa_w,GPT-5.1,GPT-5-mini,,0.3268,0.2456,0.4046,,,,,,
NMED_Treatment,weighted_kappa,kappa_w,GPT-5.1,Gemini 3.1,,0.1105,0.0275,0.2078,,,,,,
NMED_Treatment,weighted_kappa,kappa_w,GPT-5.1,DeepSeek-R1,,0.2155,0.1464,0.2876,,,,,,
NMED_Treatment,weighted_kappa,kappa_w,GPT-5.1,gpt-oss-20b (H),,0.2526,0.1857,0.3192,,,,,,
NMED_Treatment,weighted_kappa,kappa_w,GPT-5.1,gpt-oss-120b (H),,0.4001,0.3358,0.464,,,,,,
NMED_Treatment,weighted_kappa,kappa_w,GPT-5.1,Qwen3.5 9B,,0.1683,0.0912,0.2505,,,,,,
NMED_Treatment,weighted_kappa,kappa_w,GPT-5.1,Qwen3.5 27B,,0.2918,0.2134,0.373,,,,,,
NMED_Treatment,weighted_kappa,kappa_w,GPT-5.1,Qwen3.5 35B,,0.1923,0.1123,0.2795,,,,,,
NMED_Treatment,weighted_kappa,kappa_w,GPT-5.1,Gemma 4 31B,,0.4965,0.418,0.5716,,,,,,
NMED_Treatment,weighted_kappa,kappa_w,GPT-5-mini,Gemini 3.1,,0.1361,0.048,0.2296,,,,,,
NMED_Treatment,weighted_kappa,kappa_w,GPT-5-mini,DeepSeek-R1,,0.2646,0.1885,0.3391,,,,,,
NMED_Treatment,weighted_kappa,kappa_w,GPT-5-mini,gpt-oss-20b (H),,0.2202,0.1566,0.2833,,,,,,
NMED_Treatment,weighted_kappa,kappa_w,GPT-5-mini,gpt-oss-120b (H),,0.2456,0.1779,0.3167,,,,,,
NMED_Treatment,weighted_kappa,kappa_w,GPT-5-mini,Qwen3.5 9B,,0.1651,0.0967,0.2384,,,,,,
NMED_Treatment,weighted_kappa,kappa_w,GPT-5-mini,Qwen3.5 27B,,0.2985,0.2188,0.3792,,,,,,
NMED_Treatment,weighted_kappa,kappa_w,GPT-5-mini,Qwen3.5 35B,,0.1963,0.1181,0.2783,,,,,,
NMED_Treatment,weighted_kappa,kappa_w,GPT-5-mini,Gemma 4 31B,,0.393,0.3053,0.4766,,,,,,
NMED_Treatment,weighted_kappa,kappa_w,Gemini 3.1,DeepSeek-R1,,0.2293,0.1338,0.3242,,,,,,
NMED_Treatment,weighted_kappa,kappa_w,Gemini 3.1,gpt-oss-20b (H),,0.1246,0.0611,0.1923,,,,,,
NMED_Treatment,weighted_kappa,kappa_w,Gemini 3.1,gpt-oss-120b (H),,0.1452,0.0725,0.2199,,,,,,
NMED_Treatment,weighted_kappa,kappa_w,Gemini 3.1,Qwen3.5 9B,,0.1356,0.0177,0.2769,,,,,,
NMED_Treatment,weighted_kappa,kappa_w,Gemini 3.1,Qwen3.5 27B,,0.2372,0.08,0.3835,,,,,,
NMED_Treatment,weighted_kappa,kappa_w,Gemini 3.1,Qwen3.5 35B,,0.1893,0.0584,0.3319,,,,,,
NMED_Treatment,weighted_kappa,kappa_w,Gemini 3.1,Gemma 4 31B,,0.1763,0.06,0.3002,,,,,,
NMED_Treatment,weighted_kappa,kappa_w,DeepSeek-R1,gpt-oss-20b (H),,0.2695,0.2062,0.3358,,,,,,
NMED_Treatment,weighted_kappa,kappa_w,DeepSeek-R1,gpt-oss-120b (H),,0.2748,0.2056,0.3415,,,,,,
NMED_Treatment,weighted_kappa,kappa_w,DeepSeek-R1,Qwen3.5 9B,,0.1802,0.0965,0.2711,,,,,,
NMED_Treatment,weighted_kappa,kappa_w,DeepSeek-R1,Qwen3.5 27B,,0.2643,0.1747,0.3572,,,,,,
NMED_Treatment,weighted_kappa,kappa_w,DeepSeek-R1,Qwen3.5 35B,,0.1748,0.0898,0.2641,,,,,,
NMED_Treatment,weighted_kappa,kappa_w,DeepSeek-R1,Gemma 4 31B,,0.2538,0.1735,0.3384,,,,,,
NMED_Treatment,weighted_kappa,kappa_w,gpt-oss-20b (H),gpt-oss-120b (H),,0.3699,0.3039,0.43,,,,,,
NMED_Treatment,weighted_kappa,kappa_w,gpt-oss-20b (H),Qwen3.5 9B,,0.1361,0.0712,0.2047,,,,,,
NMED_Treatment,weighted_kappa,kappa_w,gpt-oss-20b (H),Qwen3.5 27B,,0.1969,0.1326,0.2659,,,,,,
NMED_Treatment,weighted_kappa,kappa_w,gpt-oss-20b (H),Qwen3.5 35B,,0.1329,0.076,0.1957,,,,,,
NMED_Treatment,weighted_kappa,kappa_w,gpt-oss-20b (H),Gemma 4 31B,,0.1937,0.1292,0.259,,,,,,
NMED_Treatment,weighted_kappa,kappa_w,gpt-oss-120b (H),Qwen3.5 9B,,0.1901,0.1213,0.2628,,,,,,
NMED_Treatment,weighted_kappa,kappa_w,gpt-oss-120b (H),Qwen3.5 27B,,0.2358,0.1591,0.3128,,,,,,
NMED_Treatment,weighted_kappa,kappa_w,gpt-oss-120b (H),Qwen3.5 35B,,0.1659,0.0983,0.2382,,,,,,
NMED_Treatment,weighted_kappa,kappa_w,gpt-oss-120b (H),Gemma 4 31B,,0.2426,0.1721,0.3132,,,,,,
NMED_Treatment,weighted_kappa,kappa_w,Qwen3.5 9B,Qwen3.5 27B,,0.2858,0.1757,0.3939,,,,,,
NMED_Treatment,weighted_kappa,kappa_w,Qwen3.5 9B,Qwen3.5 35B,,0.3167,0.1867,0.4289,,,,,,
NMED_Treatment,weighted_kappa,kappa_w,Qwen3.5 9B,Gemma 4 31B,,0.2172,0.1141,0.3125,,,,,,
NMED_Treatment,weighted_kappa,kappa_w,Qwen3.5 27B,Qwen3.5 35B,,0.4547,0.3226,0.5682,,,,,,
NMED_Treatment,weighted_kappa,kappa_w,Qwen3.5 27B,Gemma 4 31B,,0.3653,0.2651,0.4641,,,,,,
NMED_Treatment,weighted_kappa,kappa_w,Qwen3.5 35B,Gemma 4 31B,,0.3431,0.2335,0.4537,,,,,,
